CPUs,RAM,Motherboards
support,black,atx case
intel core i5-12400 processor,ddr4 dual,ddr4 dual m.2 pcie 4.0 usb 3.2
amd am4 3rd gen ryzen™,2 rgb,atx motherboard pcie 4.0 wifi 6 2.5gb lan
intel,amd ryzen 3000,motherboard amd ryzen 3000 pcie 4.0 wifi 6
lga 1700 intel®13th 12th gen,ddr5,12th gen atx motherboard pcie 5.0 ddr5
mini,mac mini mid 2011 late 2012 mac ram,pro
8gb ddr4,pin udimm memory ram module upgrade 8gb,ddr4
intel core i7-10700kf processor 8 cores,intel core,motherboard + intel core
11 3,sodimm memory module mac ram upgrade imac,12 2
series intel,64gb 2 x 32gb 288-pin sdram ddr5,series intel
dual system psu support,dual,dual system psu support
unlocked processor,ddr4,motherboard amd am4 ddr4 pcie 4.0 sata 6gb s m.2 usb 3.2 gen 2 atx amd ryzen
1.35v memory ram compatible,1.35v memory ram compatible,memory ram compatible
intel,ddr4 ecc memory,motherboard 3 pcie 4.0
intel 11th gen,intel,lga 1200 intel 11th gen 10th gen
cpu lga 1150 socket,memory,motherboard cpu lga
lga1700 intel 12th gen,intel,intel 12th gen atx
performance amd ryzen 2nd,ddr4,3rd gen am4 m.2 usb 3 ddr4
intel 12th gen,ddr4,lga 1700 intel 12th gen atx motherboard pcie 4.0 ddr4
4k,compatible,hdmi
amd intel,timetec pinnacle konduit 32gb kit 2x16gb ddr4 3200mhz pc4-25600 cl16-18-18-38 xmp2.0 overclocking 1.35v dual rank compatible amd intel memory module black,amd intel memory
bracket support 4 sata 3.0,card 4 port 4,sata card 4 port 4 sata cables 6 gbps sata 3.0 controller pci express
windows 7 8,pin 1 x 4 pin,3 x 6 pin 1 x 4 pin
gen intel core lga,ddr4,wifi motherboard atx 11th 10th gen intel core lga 1200 socket ddr4 pcie 4 cfx m.2 slots usb 3.2 gen 2 wi-fi 6e dp hdmi
intel chipset socket lga-1200 intel,memory,motherboard intel
amd am4 ddr4,ddr4,motherboard amd am4 ddr4 pcie 4.0 sata 6gb s m.2 usb 3.2 gen 2 hdmi dp atx
gen intel core lga,ddr4,11th 10th gen intel core lga 1200 socket ddr4 pcie 4 m.2 slot usb 3.2 gen 1
12th gen intel core lga,intel core,motherboard atx 12th gen intel core lga 1700 socket ddr5 pcie
gen intel core lga,ddr4,motherboard atx 10th gen intel core lga 1200 socket ddr4 cf dual m.2 slots usb 3.2 gen 2 type-c
core graphics,dual channel ddr3,motherboard
12th gen intel core lga,ddr4,wifi ddr4 motherboard atx 12th gen intel core lga 1700 socket ddr4 pcie 4
intel core,ddr4 dual,ddr4 dual m.2 pcie 4.0 usb 3.2
lga 1200 intel® 11th,2,lan usb 3.2 gen 2 front panel type-c
processor 8 cores 5.0 ghz unlocked lga1200 intel,intel 500 series,5.0 ghz unlocked lga1200 intel
gen intel core lga,ddr4,wifi motherboard atx 10th gen intel core lga 1200 socket ddr4
cpu ssd ram,ram,mining motherboard support 8
amd am4 ddr4,ddr4,wifi motherboard amd am4 ddr4 pcie 4.0 sata 6gb s m.2 usb 3.2 gen 2
intel 12th gen,ddr4,lga 1700 intel 12th gen atx motherboard pcie 5.0 ddr4
amd am4 ddr4,ddr4,wifi motherboard amd am4 ddr4 pcie 4.0 sata 6gb s m.2 usb 3.2 gen 2
ram 32gb 2x16gb ddr4 32gb,ram 32gb 2x16gb ddr4 32gb,ddr4
processor graphics lga1200 intel 400 series chipset 65w,intel 400 series,intel core
m.2 ssd,sk hynix platinum,pcie nvme gen4 m.2
amd am4 pcie 4.0 ddr4,ddr4,motherboard amd am4 pcie 4.0 ddr4 sata 6gb s m.2 usb 3.2 gen 2 hdmi atx
ddr4 64gb 32gbx2 3200mhz pc4-25600 cl16 ram memory,3200mhz pc4-25600 cl16 ram memory,plus ddr4
intel 12th gen,intel,wifi lga 1700 intel 12th gen mini-itx motherboard pcie 5.0
cpu ssd ram,ram,mining motherboard
gen intel core lga,ddr4,10th gen intel core lga 1200 socket ddr4
cpu cooler,rgb,motherboard
amd ryzen am4,rgb,2.0 motherboard
ram memory,ram memory,ram memory
amd am4 3rd gen ryzen™,ddr4,motherboard pcie 4.0 wifi 6 2.5gb lan ddr4
3 cpu intel,ddr4,motherboard ddr4
12th gen intel core lga,ddr4,12th gen intel core lga 1700 socket ddr4 pcie 4 2.5g lan m.2 slots usb 3.2
cpu cooling case fan,4 pin black,motherboard
ddr4 cl16 1.35v led memory kit,ram 3600 mhz ddr4 cl16 1.35v led memory kit,ddr4
12 series,12 series,12 series blue high static
10,pin,pin motherboard header
series 16 gb 8,x 2 ddr4 3200 mhz pc4-25600 cl16 dual channel memory kit black,gb 8 gb x 2 ddr4
16gb ddr4,pin udimm memory ram module upgrade 16gb,ddr4
intel,corsair vengeance ddr5 32gb 2x16gb ddr5,intel ddr5
intel 12th gen,intel,wifi 6e lga 1700 intel 12th gen atx motherboard pcie 5.0 ddr5
intel core i5-11400 processor 6 cores,intel core,lga 1200 intel 11th 10th gen atx motherboard
chipset supports amd socket am4 ryzen,amd socket,amd socket am4 ryzen cpus atx motherboard
mm case fan pwm,black,case fan pwm
intel,ddr3 memory,motherboard
lga1700 intel® 12th gen,ddr4,12th gen atx motherboard pcie 5.0 ddr4
lga1200 intel 11th,2,hdmi usb 3.2 gen 1 type-c usb 3.2 gen 2
intel,intel,lga 1700 intel z690 atx ddr5 quad m.2 pcie 5.0 usb 3.2
amd intel,compatible amd intel memory ram module upgrade 16gb,amd intel memory
amd am4 3rd gen ryzen,2 rgb,amd am4 3rd gen ryzen microatx motherboard pcie 4.0 wifi 6 2.5gb lan
intel 12th gen intel,so-dimm ddr4,ddr4 usb 3.2 gen 2 m.2
intel lga,dual,intel lga 1700 1200 115x amd am5 am4
type-c,adapter 20 19 pin,usb 3.0 front 19pin 3.1 type-c front panel header
cpu,amd,amd am4 am5 lga 1700 1200
intel,dimm memory single module,intel
lga1700 intel 12th gen,ddr4,intel 12th gen atx motherboard pcie 5.0 ddr4
core,black,black atx
intel,x ddr4,ddr4 lga 1700 intel z690 atx ddr4 quad m.2 pcie 5.0 usb 3.2
processor cooler intel lga,rgb,intel lga 1700 1200 115x amd am5 am4
intel,intel vroc amd ryzen,supports 4 nvme m.2
intel,ddr4,atx motherboard
s intel xeon,dual channel ddr3 ecc ram,motherboard intel lga
pro,2,2 type a 3 usb 3.0
udimm memory ram module,pc3-12800 non-ecc unbuffered 1.35v 1.5v cl11 2rx8 dual rank 240 pin udimm memory ram module upgrade 4gb,dual
ddr4 64gb 2 x 32gb 3200mhz pc4-25600 server memory ram module,ddr4 64gb 2 x 32gb 3200mhz pc4-25600 server memory ram module upgrade dual rank ecc dimm 1.2v cl22 2rx8,ddr4 64gb 2 x
gen ryzen,2,3rd gen ryzen atx motherboard pcie 4.0 2.5gb lan
pcie 4.0,mount,ultra pcie 4.0
wifi 6 amd am4,2 rgb,3rd gen ryzen atx motherboard pcie 4.0 2.5gb lan
udimm memory ram module,pin udimm memory ram module upgrade 8gb kit,dual
ryzen 3 am4 pcie gen4 dual m.2 hdmi sata,2,dual m.2 hdmi sata 6gb s usb 3.2 gen 2 atx motherboard
gen 2x2 wifi,socket am5 lga 1718 ryzen,slots usb 3.2 gen 2x2 wifi 6e pcie
intel lga,dual,cpu fan amd am4 am5 intel lga 1700
ssd 8 gpu graphics,ram ddr3,mining motherboard
core,rgb,core
intel 12th gen,intel,wifi 6e lga 1700 intel 12th gen atx
dual,dual,atx
gen ryzen,2 rgb,3rd gen ryzen atx motherboard pcie 4.0 2.5gb lan
lan usb 3.2 sata m.2,rgb,atx motherboard pcie 4.0
intel 11th,2,lan dp dual hdmi usb 3.2 gen 2 type-c
series intel,series intel,sata 6gb s atx intel motherboard
series amd,32gb 2 x 16gb 288-pin sdram ddr5,rgb series amd
intel,intel,mining motherboard intel
cooling case,mid,atx case
gen intel core lga,ddr4,motherboard atx 10th gen intel core lga 1200 socket ddr4 cf dual m.2 slots usb 3.2 gen 2
small mini,2,extension header adapter cable motherboard 6
wifi amd,wifi amd,motherboard pcie 4.0
amd am4 3rd gen ryzen™,ecc memory,motherboard pcie 4.0
3 x rgb fans,x rgb,ports 3 x rgb fans
6 sata,on windows mac,pcie x1 sata card 6 port sata 3.0
gen 2 10gbps pcie gen 3,2,3.1 gen 2 10gbps pcie gen 3
lga1200 intel® 11th,1,motherboard pcie 4.0 m.2
amd am4 ddr4,ddr4,wifi motherboard amd am4 ddr4 pcie 4.0 sata 6gb s dual m.2 usb 3.2 gen 2 hdmi dp wi-fi 6
amd,memory single module,amd
mini,mini,motherboard
intel,ddr4,gen ddr4 dp hdmi m.2 z390 atx motherboard
ddr4 ram 16gb,ddr4 ram 16gb,power value ddr4
wifi amd am4 3rd gen ryzen™,2,usb 3.2 gen 1
amd intel,compatible amd intel memory module upgrade 64gb kit,amd intel memory
amd ryzen 7000 series processors,2,atx ddr5 pcie 4.0 m.2 sata 6gb s usb 3.2 gen 2 hdmi dp wi-fi 6e amd ryzen
12th gen intel core lga,intel core,wifi motherboard atx 12th gen intel core lga 1700 socket ddr5 pcie
interface windows 7 8 10,2,usb 3.1 gen 2
cpu cooler intel amd,intel amd processors compatible amd ryzen,intel amd processors compatible amd ryzen 7000 am4 am5
wifi 6,rgb,wi-fi atx motherboard pcie 4.0
amd am4 ryzen,ddr4,usb 3.2 gen 2
gen ryzen atx motherboard pcie 4.0 dual m.2,dual,3rd gen ryzen atx motherboard pcie 4.0 dual m.2
intel 12th gen,intel,wifi 6e lga 1700 intel 12th gen mini-itx motherboard pcie 5.0 ddr5 thunderbolt 4 2.5gb lan usb 3.2 gen
cache,compatible laptop,m.2
intel 12th gen,intel,lga 1700 intel 12th gen atx motherboard pcie 5.0 ddr5
pro,pro,header motherboard aura sync
supports windows 11 10 8.1 8 7 windows,10 gigabit ethernet network adapter supports windows 11 10,pcie
gpu support bracket,card support,graphics card support telescopic graphics card bracket gpu
ddr4 32gb 2 x 16gb,ddr4 32gb 2 x 16gb 2666mhz pc4-21300 dual rank server memory ram module upgrade ecc dimm 1.2v cl19 2rx8,ddr4 32gb 2 x
lga 1718 ryzen,ddr5,atx motherboard ddr5 3xm.2 slots usb 3.2 gen
lga 1200 intel® 11th,2,m.2 2.5gb lan front panel usb 3.2 gen 2 usb
series amd,32gb 2 x 16gb 288-pin sdram ddr5,series amd
series 16gb 2 x 8gb,g.skill trident z rgb series 16gb 2 x 8gb 288-pin sdram pc4-28800 ddr4 3600 cl18-22-22-42 1.35v dual channel memory model,ddr4
intel,ddr3,atx motherboard intel
gen ryzen compliant am4 ddr4 hdmi,ddr4,usb 3 micro-atx motherboard
ryzen 2nd 3rd gen am4 ddr4,ddr4,atx motherboard
cpu,ddr3,mining motherboard cpu
20 24 pin lcd power supply,pin,atx
controller 5 pack,black,motherboard sync
cpu six core,memory,32gb s memory
water cooling supports 7 fans,white,panel cable
intel wifi,intel wifi,lan intel thunderbolt 4 motherboard
intel 11th,2,m.2 wifi 6 2.5gb lan front panel usb 3.2 gen 2 usb type-c thunderbolt 4 support aura sync rgb
udimm memory ram module,pin udimm memory ram module upgrade 8gb kit,dual
intel 11th,rgb,wifi 6 lga 1200 intel 11th 10th gen atx motherboard pcie 4.0
processor,1600mhz ddr3 dual channel,atx intel 4th gen motherboard support
lga 1700,ddr4,gen atx motherboard pcie 5.0 ddr4
ready 10,1600,power supply
intel,base dual aluminum black,amd ryzen am4 intel
cooler,white,argb 3-pin fan 24
support,mid,motherboard
amd ryzen 2nd 3rd gen am4 m.2,ddr4,3rd gen am4 m.2 usb 3 ddr4
cpu cooler,dual,cpu cooler aura sync dual tuf
gen ryzen,2 rgb,3rd gen ryzen atx motherboard pcie 4.0 2.5gb lan hdmi
4 support,4 support,power stages 2.5gb lan wifi 6 usb 3.2
series 256gb 8 x 32gb,x 32gb 288-pin sdram pc4-28800 ddr4 3600 cl18-22-22-42 1.35v quad channel memory model,ddr4
4,2,4 usb
intel,dimm memory kit,2 | intel
motherboard lga 2011 motherboard support,motherboard lga 2011 motherboard support 1066 1333 1600 1866mhz,motherboard lga 2011 motherboard support
16gb kit 2x8gb ddr4,pin udimm memory ram module upgrade 16gb kit 2x8gb,ddr4
intel,2 in 1,cpu socket motherboard
gen intel core lga,ddr4,ddr4 pcie 4 m.2 slots usb 3.2 gen 2 wi-fi 6e
card pcs plug play on windows,mac,pcie sata
intel 12th gen,intel,wifi 6e lga 1700 intel 12th gen
12th gen intel core lga,ddr4,motherboard atx 12th gen intel core lga 1700 socket ddr4 pcie 4
amd am4 3rd gen ryzen™ micro,2 rgb,atx motherboard pcie 4.0 2.5gb lan
intel,dimm memory single module,intel
pro 2,pro 2 full,pro 2
intel,intel,lga 1200 intel z590 atx triple m.2 pcie 4.0 usb 3.2
gen intel core lga,ddr4,11th 10th gen intel core lga 1200 socket ddr4 pcie 4 m.2 slot usb 3.2 gen 2
amd am4 3rd gen ryzen,amd,amd am4 3rd gen ryzen atx
series 64gb 4 x 16gb,series 64gb 4 x 16gb 288-pin sdram pc4-28800 ddr4 3600,ddr4
gen intel core lga,ddr4,wifi motherboard atx 11th 10th gen intel core lga 1200 socket ddr4 pcie 4 cfx m.2 slots usb 3.2 gen 2 wi-fi 6e dp hdmi
fan cpu fan 10,4 pin,3 4 pin pwm fan
udimm memory ram module,pin udimm memory ram module upgrade 32gb kit 2x16gb,ddr4
s amd,ddr4,motherboard 16 power stages pcie 4.0 ddr4
case 2x addressable rgb fans premium,rgb,usb 3.0
intel,memory,intel
card windows,adapter card pcie rs232,adapter card pcie
gen ryzen,ecc memory,3rd gen ryzen atx motherboard pcie 4.0
intel,2,intel
ram 128gb ssd kit,ddr3 ram,mining motherboard
8gb kit ddr3 ram,8gb kit ddr3 ram,motherboards memory blue
amd am4 ryzen,2 x,3rd gen ryzen atx motherboard
intel 12th gen,intel,lga 1700 intel 12th gen atx motherboard pcie 5.0
udimm memory ram module,pin udimm memory ram module upgrade 32gb kit 2x16gb,ddr4
processor 8 cores 5.3 ghz unlocked lga1200 intel,intel 500 series,motherboard
intel,dimm memory kit,2 | intel
amd am4 ddr4,ddr4,motherboard amd am4 ddr4 pcie 4.0 sata 6gb s m.2 usb 3.2 gen 2
8gb ram,8gb ram,motherboard
amd socket,ddr4,wifi motherboard atx amd socket
intel,ddr4,mining motherboard
4 supports amd am4 socket ryzen™,amd,processors motherboard
120 mm case fan pwm,black,case fan pwm
amd ryzen 1st 2nd gen am4 m.2,ddr4,gen am4 m.2 usb 3 ddr4
m.2 nvme ssd,dual,dual nvme pcie adapter riitop m.2 nvme ssd
wifi 6 lga 1200 intel® 11th,rgb,motherboard pcie 4.0
fan single pack,single pack,120mm case radiator fan single pack
module memory ram module amd,module memory ram module amd,amd
intel 11th,4 x dimm 128gb ddr4,wifi 6 socket lga 1200 atx motherboard intel 11th 10th gen processors 4
lga,ddr2 motherboard,motherboard
m.2 nvme ssd,ddr4,10th gen atx motherboard pcie 4.0
series processor,dual,dual cpu motherboard lga
intel,intel,fan intel
black case fan connect power supply or motherboard,black,motherboard
processor 6 cores 4.4 ghz lga1200 intel®,series,processor 6 cores
memory kit 4 x 8gb,memory kit 4 x 8gb,memory kit 4 x 8gb
amd intel,pc4-25600 non-ecc unbuffered 1.2v cl22 2rx8 dual rank 260 pin sodimm amd intel laptop notebook memory ram module upgrade,amd intel
x 8,kit compatible rtx3090┃1 x,cable extension
udimm memory ram module,pin udimm memory ram module upgrade 8gb,dual
processor,x,motherboard
ddr4 16gb kit 2 x 8gb 3200mhz,ddr4 16gb kit 2 x 8gb 3200mhz,ddr4
intel,ddr3 ram,motherboard mainboard intel motherboard 3
air 12 gpu,aluminum open air 12,motherboard
cooler,tempered glass premium,atx case
support intel core,ddr3 32gb,motherboard support intel core
cpu 8 video,ddr3 memory,mining motherboard mining machine motherboard cpu 8
in 2,x 8.85 x,atx
intel,ddr4,ddr4 lga 1700 intel z690 atx ddr4 quad m.2 pcie 5.0 usb 3.2
memory ram module,timetec 32gb kit 2x16gb ddr4 2400mhz pc4-19200 non-ecc unbuffered 1.2v cl17 2rx8 dual rank 260 pin sodimm laptop notebook memory ram module upgrade 32gb kit 2x16gb,ddr4
s intel,4 channel ddr4,gen motherboard diagnostic card pcie 3.0 dual m.2 slots 4
gen intel core lga,ddr4,wifi atx motherboard 10th gen intel core lga 1200 socket ddr4 cf dual m.2 slots usb 3.2 gen 2 wi-fi 6 dp hdmi
memory ram module,pin sodimm laptop notebook memory ram module upgrade,dual
8gb ddr4,1rx8 single rank 260 pin sodimm laptop notebook memory ram module upgrade 8gb,ddr4
intel 12th gen,ddr4,motherboard pcie 4.0 ddr4
dual,dual,argb micro-atx dual argb fans darkmirror front panel
intel x99 chipset support 8 ddr4,ddr4 dimm single memory,motherboard lga
intel,ddr4,gen atx ddr4 dp hdmi m.2 usb
wifi lga 1700,2,power stages wifi 6 2.5gb lan front usb 3.2 gen 2 type-c
lga 1200,rgb,10th gen atx motherboard pcie 4.0
gen ryzen,2 rgb,3rd gen ryzen atx motherboard pcie 4.0 2.5gb lan
lga 1200 intel® 11th,ddr4,11th 10th gen atx motherboard pcie 4.0
lga 1200 intel® 11th,rgb,11th 10th gen atx motherboard pcie 4.0
intel 12th gen,intel,wifi 6e lga 1700 intel 12th gen atx motherboard pcie 5.0 ddr5 2.5
series intel,32gb 2 x 16gb 288-pin sdram ddr5,rgb series intel
ghz 4-core cpu,1600 mhz ddr3 ram,mining motherboard
cpu intel,ddr3,motherboard
amd am4 3rd gen ryzen™ micro,ecc memory,atx motherboard pcie 4.0 wifi
intel 12th gen,ddr4,usb 3.2 gen 2 front usb 3.2 gen 1 type-c aura sync
lga1700 intel 12th gen,intel,intel 12th gen atx motherboard pcie 5.0 ddr5
intel,dimm memory kit,2 | intel
lga 1718 ryzen,ddr5,usb 3.2 gen
wifi lga1700 intel 12th gen,intel,intel 12th gen atx motherboard pcie 5.0 ddr5
12th gen intel core lga,dual,12th gen intel core lga 1700 socket ddr5 thunderbolt 4 pcie
4,black,atx
intel,module,motherboard pcie 4.0
x 8,4gb ddr3,pci express 2.0 x 8 dvi vga hdmi
amd am4 ddr4,ddr4,motherboard amd am4 ddr4 pcie 4.0 sata 6gb s m.2 usb 3.2 gen 1 wi-fi
series intel,32gb 2 x 16gb 288-pin sdram ddr5,rgb series intel
intel,ddr3 motherboard intel,motherboard ddr3 motherboard intel
udimm memory ram module,pin udimm memory ram module upgrade 4gb,dual
intel wifi 6,intel wifi 6,lga 1200 intel z590 atx triple m.2 pcie 4.0 usb 3.2
intel,black,atx motherboard
processor,memory,pci e 2.0 graphics card
heatsink cooler,x,motherboard
lga1700 intel 12th gen,ddr4,intel 12th gen atx motherboard pcie 5.0 ddr4
ssd ram,ram,mining motherboard 8
intel 12th gen,intel,wifi 6e lga 1700 intel 12th gen atx motherboard pcie 5.0 ddr5
lga 1200 intel®,ddr4,10th gen atx motherboard dual m.2 ddr4
cpu cooler amd ryzen threadripper sp3,dual,cpu cooler amd ryzen
server memory ram module dual,memory ram module dual rank upgrade,2 x 16gb ddr4
12th gen intel core lga,2,motherboard atx 12th gen intel core lga 1700 socket ddr5 usb 3.2 gen 2 pcie
gen intel core lga,ddr4,motherboard atx 11th 10th gen intel core lga 1200 socket ddr4 pcie 4 m.2 slots usb 3.2 gen 2
memory ram module,pin sodimm laptop notebook memory ram module upgrade,dual
16gb kit 1600mhz udimm ram,1.5v non-ecc unbuffered ddr3 memory black,ddr3 memory black
cooler,tempered glass or,cable
intel,led intel am5 amd,motherboard
intel wifi 6,ddr4 ram,m.2 slots intel wifi 6 front usb 3.2 gen 2 type-c thunderbolt 4 support rgb
udimm 8gb ddr4 2666mhz memory module memory,4gb 2666mhz udimm 8gb ddr4 2666mhz memory module memory,ddr4
intel,2,atx motherboard intel
memory module amd cpu,4gb ram 800mhz memory module amd,amd cpu
m.2 intel®,rgb,10th gen atx motherboard
amd am4,2,lan usb 3.2 gen 2
power,aluminium alloy enclosure power,usb
processor,ddr4 ecc reg ram,ddr4 motherboard
intel 12th gen,ddr4,usb 3.2 gen 2 front usb 3.2 gen 1 type-c aura sync
support,support tempered glass,front 3x 140mm rear 120mm argb fans controller hub
pcie 1 4,1 4,usb 3.0 adapter
lga 1200,rgb,motherboard pcie 4.0
intel 12th gen,ddr4,lan usb 3.2 gen 2x2 type-c front usb 3.2 gen 1 type-c
udimm memory ram,pc3-12800 non-ecc unbuffered 1.35v 1.5v cl11 2rx8 dual rank 240 pin udimm memory ram sdram module upgrade,dual
intel 12th gen,ddr4,lga 1700 intel 12th gen atx motherboard pcie 5.0 ddr4
12th gen intel core lga,ddr4,wifi ddr4 motherboard atx 12th gen intel core lga 1700 socket ddr4 pcie 4
cpu,compatible black,pwm lga1700 compatible black
lga 1155 cpu,8 usb 3.0,motherboard power cable
12th gen intel core lga,ddr4,wifi ddr4 motherboard atx 12th gen intel core lga 1700 socket ddr4 pcie 4
intel,dimm memory single module,intel
intel,pc4-25600 non-ecc unbuffered 1.2v cl22 1rx8 single rank 260 pin sodimm foramd intel laptop notebook memory ram module upgrade,intel
10 series,ddr4,mining motherboard
series 32gb 2 x 16gb,series 32gb 2 x 16gb 288-pin sdram pc4-28800 ddr4 3600 cl16-19-19-39 1.35v dual channel memory model,ddr4
intel,intel,motherboard
amd am4 ddr4,ddr4,motherboard amd am4 ddr4 pcie 4.0 sata 6gb s dual m.2 usb 3.2 gen 2 hdmi wi-fi 6
cooler,motherboard support,atx motherboard support
support bracket gpu,card support,gpu graphics card support bracket gpu
12th gen intel core lga,dual,motherboard atx 12th gen intel core lga 1700 socket ddr5 pcie
amd am4 ddr4,ddr4,wifi motherboard amd am4 ddr4 pcie 4.0 sata 6gb s m.2 usb 3.2 gen 2
processor support,ddr3 sdram maximum ram,motherboard
intel lga,ddr4 single,m.2 pcie 4.0 usb 3.2
cpu,2,fans 2
socket intel,socket intel,amd 3rd ryzen strx40 am4 socket intel
support windows 10 8.1 8 7,card usb card support windows 10,pcie expansion card usb card support
amd ryzen intel lga1200,amd ryzen intel,amd ryzen intel lga1200
wifi amd am4 zen 3 ryzen,ecc memory,atx motherboard pcie 4.0 wifi 6
12th gen intel core lga,ddr4,wifi ddr4 motherboard matx 12th gen intel core lga 1700 socket ddr4 pcie 4
intel,intel,lga 1700 intel z690 atx ddr5 quad m.2 pcie 5.0 usb 3.2
udimm memory ram module,pin udimm memory ram module upgrade 8gb,dual
series 32gb 2 x 16gb,series 32gb 2 x 16gb 288-pin sdram ddr4,ddr4
ssd,ssd adapter 1,pcie sata
amd am4 ddr4,ddr4,motherboard amd am4 ddr4 pcie 4.0 sata 6gb s m.2 usb 3.2 gen 2 hdmi dp atx
gen ryzen,2,3rd gen ryzen atx motherboard pcie 4.0
series 32gb 2 x 16gb,series 32gb 2 x 16gb 288-pin sdram ddr4,ddr4
cpu ssd ram,ram,mining motherboard
intel,ddr4,m.2 usb 3.2 gen 2 type-c intel lan aura sync rgb
amd,memory ram,board amd
bracket pcie sata 3.0 6gb s controller pcie sata,3.0 6gb s controller pcie,sata pcie card sata 6
core,dual,core w200 dual system
12th gen intel core lga,intel core,wifi motherboard atx 12th gen intel core lga 1700 socket ddr5 pcie 4
processor 8 cores 5.3 ghz unlocked lga1200,core™ i9-11900kf processor 8,11th 10th gen atx motherboard
supports 2 x,2 x,motherboard
4 3 2 1,display module compatible,4 3 2 1
server memory,dimm memory,dimm memory server
lga1200 intel® 11th,1,lan usb 3.2 gen 1 dp hdmi
12th gen intel core lga,ddr4,motherboard atx 12th gen intel core lga 1700 socket ddr4 pcie 4
fan 3 pack,12 argb 5v motherboard sync analog controller 16.8 million colors 9,motherboard sync
rgb case fan motherboard,rgb,motherboard sync
series,series,motherboard
intel,ddr4,gen atx ddr4 dp hdmi m.2 usb
intel,intel 8th,gen atx motherboard
memory module amd ryzen,16gb kit 2x8gb ddr4 dram 3200mhz pc4-25600 cl16 memory module amd,amd ryzen
series intel,64gb 2 x 32gb 288-pin sdram ddr5,rgb series intel
usb,mac,usb
intel,black,atx motherboard
gen intel core lga,ddr4,ddr4 pcie 4 m.2 slots usb 3.2 gen 2 wi-fi 6e
amd am4 pcie 4.0 ddr4,ddr4,motherboard amd am4 pcie 4.0 ddr4 sata 6gb s m.2 usb 3.2 gen 2 hdmi atx
intel,2 ddr4,gen m.2 usb 3.1 gen 2 ddr4 hdmi dp
fan 3,8gb,hdmi dp
intel core,ddr4,motherboard intel core
intel,2 ddr4,gen m.2 usb 3.1 gen 2 ddr4 hdmi
intel,intel,gen 4 pcie 4.0 3.0 supports
lga 1155 cpu,8 usb 3.0,cpu motherboard power cable
16gb kit 2x8gb ddr4,pin udimm memory ram module upgrade 16gb kit 2x8gb,ddr4
amd am4 ryzen,ddr4,3rd gen ryzen atx motherboard ddr4
m.2 pcie 4.0 3.0 ssd nvme,3.0 ssd nvme,m.2 pcie 4.0 3.0 ssd nvme
gen intel core lga,ddr4,11th 10th gen intel core lga 1200 socket ddr4 cfx m.2 slots usb 3.2 gen 2
case fans 3,motherboard sync,motherboard sync
12th gen intel core lga,intel core,wifi motherboard atx 12th gen intel core lga 1700 socket ddr5 pcie 4
intel 12th gen,ddr4,4.0 m.2 slots wifi 6 2.5 gb lan front usb 3.2 gen 1 type-c
amd am4 ddr4,ddr4,motherboard amd am4 ddr4 pcie 4.0 sata 6gb s m.2 usb 3.2 gen 2 hdmi dp
10 11 32 64bit windows server,dual,pcie wifi adapter
amd,memory ram,amd
ssd ram,ram,mining motherboard 8
amd intel,timetec 32gb kit 2x16gb ddr4 3200mhz pc4-25600 cl16 1.35v non-ecc unbuffered,amd intel memory
intel,intel,gigabyte z690 aorus pro lga 1700 intel z690 atx ddr5 quad m.2 pcie 5.0 usb 3.2
series 32gb 2 x 16gb,g.skill trident z rgb series 32gb 2 x 16gb 288-pin sdram ddr4 3600 cl18-22-22-42 1.35v dual channel memory,ddr4
cpu,ram ddr3 4gb,mining motherboard
support hdd ssd,2,card 2 sata cables pci sata adapter converter support
14,pin 14 pin,atx adapter cable cable
lga 1718 ryzen,ddr5,slots usb 3.2 gen
wifi amd threadripper pro,ddr4 ecc,usb 3.2 gen 2
amd am4 ddr4,ddr4,motherboard amd am4 ddr4 pcie 4.0 sata 6gb s m.2 usb 3.2 gen 2 hdmi dp atx amd ryzen
intel,ddr4,ddr4 lga 1700 intel z690 atx ddr4 triple m.2 pcie 5.0 usb 3.2
s amd am4 3rd gen ryzen™ micro,2,usb 3.2 gen 2
gen intel core lga,2,motherboard atx 10th gen intel core lga 1200 socket
memory kit of 2 | amd,memory kit,2 | amd
intel,dual,intel gigabit lan wifi 6
chipset supports amd socket am4 ryzen,black,amd socket am4 ryzen cpus atx motherboard
m.2 pcie 3.0 4.0 nvme ssd,adapter heatsink |,m.2 pcie 3.0 4.0 nvme ssd
series intel,32gb 2 x 16gb 288-pin sdram ddr5,series intel
gen ryzen,2,3rd gen ryzen atx motherboard pcie gen4 dual m.2 hdmi sata 6gb s usb 3.2 gen 2 atx motherboard
intel 12th,2,lga 1700 intel 12th atx motherboard
8,pin 8 pin,pin 8 pin atx psu power adapter cable
turbo dual,dual ball,dual
mini,x,motherboard
memory kit of 2 | amd,memory kit,2 | amd
gen 2x2,x,z690 atx motherboard ddr5
cpu processor,4 channel ddr3 ecc ram,motherboard micro atx pcie 3.0
intel,dimm memory single module,intel
gold power supply,plus white,power supply
intel xeon,memory,cpu motherboard set motherboard
12th gen intel core,intel core,motherboard e-atx 12th gen intel core
gen ryzen,3 ryzen,3rd gen ryzen atx motherboard pcie 4.0
cpu,ddr3,motherboard
udimm memory ram module,pin udimm memory ram module upgrade 16gb kit 2x8gb,dual
series cpu ryzen,ddr4,motherboard amd am4
